{
  "epoch": [
    0,
    1,
    2,
    3,
    4
  ],
  "train_loss": [
    0.5211704148632806,
    0.3344494084570178,
    0.30867174744261405,
    0.3000419477184322,
    0.29652297747964884
  ],
  "train_recon_loss": [
    0.5211704148632806,
    0.3344494084570178,
    0.30867174744261405,
    0.3000419477184322,
    0.29652297747964884
  ],
  "train_sparsity_loss": [
    0.0,
    0.0,
    0.0,
    0.0,
    0.0
  ],
  "val_loss": [
    0.3634238693714142,
    0.31733420544862745,
    0.3045861076712608,
    0.29975192165374753,
    0.29822445917129514
  ],
  "val_recon_loss": [
    0.3634238693714142,
    0.31733420544862745,
    0.3045861076712608,
    0.29975192165374753,
    0.29822445917129514
  ],
  "avg_active_features": [
    30.0,
    30.0,
    30.0,
    30.0,
    30.0
  ]
}